run_id,created_at_utc,kind,label,start,end,symbols,signal,margin_usd,leverage,account_cap,symbol_cap,tp_offset_bps,initial_equity,trades,win_rate_pct,net_pnl,roi_pct,max_drawdown_pct,liquidated,near_liquidation,final_open_exposure,stability_pass,avg_monthly_roi_pct,target_month_pct,positive_month_pct,json_path,csv_path,report_path
20260519T093605451973Z_strategy_review_776a1d5159,2026-05-19T09:36:05.451973+00:00,strategy_review,2022_05_09_to_2023_10_30_strategy_review,2022-05-09,2023-10-30,"BTCUSDT,ETHUSDT,SOLUSDT,XRPUSDT,BNBUSDT,LTCUSDT",trend_grid_a200_e50_s25_t20,100,10,12500,4000,75,30000,600,100.0,6522.51875,21.74172916666667,11.365499736924795,False,False,4632.5271155164755,,1.2078738425925928,38.88888888888889,94.44444444444444,data/backtests/runs/20260519T093605451973Z_strategy_review_776a1d5159.json,logs/research_2022_05_09_to_2023_10_30_grid50.csv,reports/research_2022_05_09_to_2023_10_30_strategy_review.md
20260519T164028920401Z_compare_execution_models_0cd43c6dc9,2026-05-19T16:40:28.920401+00:00,compare_execution_models,current_2022_05_09_to_2023_10_30_core6,2022-05-09,2023-10-30,"BNBUSDT,BTCUSDT,ETHUSDT,LTCUSDT,SOLUSDT,XRPUSDT",trend_grid_a200_e30_s15_t30,66.0,10,50000.0,10000.0,100.0,30000.0,240,100.0,1631.1368779802644,5.437122926600881,15.569792381290998,False,False,7851.98984155726,,,,,data/backtests/runs/20260519T164028920401Z_compare_execution_models_0cd43c6dc9.json,logs/compare_execution_2022_05_09_to_2023_10_30_current_core6.csv,reports/compare_execution_2022_05_09_to_2023_10_30_current_core6.md
20260519T165538821278Z_compare_execution_models_3710bbf905,2026-05-19T16:55:38.821278+00:00,compare_execution_models,full_active_1y_2025_05_19_to_2026_05_19,2025-05-19,2026-05-19,"BNBUSDT,BTCUSDT,ETHUSDT,HYPEUSDT,SOLUSDT,XAUTUSDT,XRPUSDT",trend_grid_a200_e30_s15_t30,66.0,10,50000.0,10000.0,100.0,30000.0,526,99.80988593155894,3250.0985948103244,10.83366198270108,9.519923748172708,False,False,5382.681774764123,,,,,data/backtests/runs/20260519T165538821278Z_compare_execution_models_3710bbf905.json,logs/compare_execution_2025_05_19_to_2026_05_19_full_active.csv,reports/compare_execution_2025_05_19_to_2026_05_19_full_active.md
20260520T033111144289Z_compare_execution_models_db0481b636,2026-05-20T03:31:11.144289+00:00,compare_execution_models,grid50_best_realistic_2022_05_09_to_2023_10_30,2022-05-09,2023-10-30,"BNBUSDT,BTCUSDT,ETHUSDT,LTCUSDT,SOLUSDT,XRPUSDT",trend_grid_a200_e50_s25_t20,100.0,10,12500.0,4000.0,75.0,30000.0,564,100.0,3446.544681593976,11.488482271979919,7.9385059971783996,False,False,1809.3855740271981,,,,,data/backtests/runs/20260520T033111144289Z_compare_execution_models_db0481b636.json,logs/compare_execution_2022_05_09_to_2023_10_30_grid50_best_realistic.csv,reports/compare_execution_2022_05_09_to_2023_10_30_grid50_best_realistic.md
20260520T035404985869Z_compare_execution_models_af57e5d10d,2026-05-20T03:54:04.985869+00:00,compare_execution_models,grid50_best_mainnet_like_2022_05_09_to_2023_10_30,2022-05-09,2023-10-30,"BNBUSDT,BTCUSDT,ETHUSDT,LTCUSDT,SOLUSDT,XRPUSDT",trend_grid_a200_e50_s25_t20,100.0,10,12500.0,4000.0,75.0,30000.0,661,100.0,6120.270907760126,20.400903025867088,10.169886364270813,False,False,4583.84864908818,,,,,data/backtests/runs/20260520T035404985869Z_compare_execution_models_af57e5d10d.json,logs/compare_execution_2022_05_09_to_2023_10_30_grid50_best_mainnet_like.csv,reports/compare_execution_2022_05_09_to_2023_10_30_grid50_best_mainnet_like.md
20260520T051037515018Z_compare_execution_models_1043413b6a,2026-05-20T05:10:37.515018+00:00,compare_execution_models,grid50_best_mainnet_like_2024_10_14_to_2026_05_20,2024-10-14,2026-05-20,"BNBUSDT,BTCUSDT,ETHUSDT,LTCUSDT,SOLUSDT,XRPUSDT",trend_grid_a200_e50_s25_t20,100.0,10,12500.0,4000.0,75.0,30000.0,516,100.0,5123.237488775629,17.077458295918763,25.46624951276808,False,False,7505.600292460029,,,,,data/backtests/runs/20260520T051037515018Z_compare_execution_models_1043413b6a.json,logs/compare_execution_2024_10_14_to_2026_05_20_grid50_best_mainnet_like.csv,reports/compare_execution_2024_10_14_to_2026_05_20_grid50_best_mainnet_like.md
20260520T081425569753Z_compare_execution_models_4fefa314d2,2026-05-20T08:14:25.569753+00:00,compare_execution_models,grid50_best_mainnet_like_2024_10_30_to_2026_02_02,2024-10-30,2026-02-02,"BNBUSDT,BTCUSDT,ETHUSDT,LTCUSDT,SOLUSDT,XRPUSDT",trend_grid_a200_e50_s25_t20,100.0,10,12500.0,4000.0,75.0,30000.0,452,100.0,4561.025494399745,15.203418314665818,22.57274620612522,False,False,10290.811152273389,,,,,data/backtests/runs/20260520T081425569753Z_compare_execution_models_4fefa314d2.json,logs/compare_execution_2024_10_30_to_2026_02_02_grid50_best_mainnet_like.csv,reports/compare_execution_2024_10_30_to_2026_02_02_grid50_best_mainnet_like.md
20260520T081728087746Z_compare_execution_models_86282cf941,2026-05-20T08:17:28.087746+00:00,compare_execution_models,grid50_best_mainnet_like_2026_01_01_to_2026_05_20,2026-01-01,2026-05-20,"BNBUSDT,BTCUSDT,ETHUSDT,LTCUSDT,SOLUSDT,XRPUSDT",trend_grid_a200_e50_s25_t20,100.0,10,12500.0,4000.0,75.0,30000.0,82,100.0,692.1993030840076,2.3073310102800253,7.480367490281156,False,False,4373.823443668781,,,,,data/backtests/runs/20260520T081728087746Z_compare_execution_models_86282cf941.json,logs/compare_execution_2026_01_01_to_2026_05_20_grid50_best_mainnet_like.csv,reports/compare_execution_2026_01_01_to_2026_05_20_grid50_best_mainnet_like.md
20260520T085748165200Z_compare_execution_models_4bd634f097,2026-05-20T08:57:48.165200+00:00,compare_execution_models,grid50_trend15_mainnet_like_2024_10_30_to_2026_02_02,2024-10-30,2026-02-02,"BNBUSDT,BTCUSDT,ETHUSDT,LTCUSDT,SOLUSDT,XRPUSDT",trend_grid_a200_e50_s25_t15,100.0,10,12500.0,4000.0,75.0,30000.0,517,100.0,4469.146221584468,14.897154071948226,23.65512474644655,False,False,8385.471496663411,,,,,data/backtests/runs/20260520T085748165200Z_compare_execution_models_4bd634f097.json,logs/compare_execution_2024_10_30_to_2026_02_02_grid50_trend15_mainnet_like.csv,reports/compare_execution_2024_10_30_to_2026_02_02_grid50_trend15_mainnet_like.md
20260520T090227814099Z_compare_execution_models_1c12844b1d,2026-05-20T09:02:27.814099+00:00,compare_execution_models,grid50_regime_pause_ema25_adx25_mainnet_like_2024_10_30_to_2026_02_02,2024-10-30,2026-02-02,"BNBUSDT,BTCUSDT,ETHUSDT,LTCUSDT,SOLUSDT,XRPUSDT",rg_trend_grid_a200_e50_s25_t20_ema25_adx25_pause,100.0,10,12500.0,4000.0,75.0,30000.0,442,100.0,4211.408957895914,14.038029859653046,65.31315207829974,False,False,15203.02479022052,,,,,data/backtests/runs/20260520T090227814099Z_compare_execution_models_1c12844b1d.json,logs/compare_execution_2024_10_30_to_2026_02_02_grid50_regime_pause_ema25_adx25_mainnet_like.csv,reports/compare_execution_2024_10_30_to_2026_02_02_grid50_regime_pause_ema25_adx25_mainnet_like.md
20260520T090711443017Z_compare_execution_models_2610987337,2026-05-20T09:07:11.443017+00:00,compare_execution_models,grid50_regime_reduce50_ema25_adx25_mainnet_like_2024_10_30_to_2026_02_02,2024-10-30,2026-02-02,"BNBUSDT,BTCUSDT,ETHUSDT,LTCUSDT,SOLUSDT,XRPUSDT",rg_trend_grid_a200_e50_s25_t20_ema25_adx25_reduce0_5,100.0,10,12500.0,4000.0,75.0,30000.0,451,100.0,3759.081122417689,12.530270408058964,15.685908324235099,False,False,8198.27357107016,,,,,data/backtests/runs/20260520T090711443017Z_compare_execution_models_2610987337.json,logs/compare_execution_2024_10_30_to_2026_02_02_grid50_regime_reduce50_ema25_adx25_mainnet_like.csv,reports/compare_execution_2024_10_30_to_2026_02_02_grid50_regime_reduce50_ema25_adx25_mainnet_like.md
20260520T091517770462Z_compare_execution_models_9f644b4cd6,2026-05-20T09:15:17.770462+00:00,compare_execution_models,grid50_regime_blocknew_ema25_adx25_mainnet_like_2024_10_30_to_2026_02_02,2024-10-30,2026-02-02,"BNBUSDT,BTCUSDT,ETHUSDT,LTCUSDT,SOLUSDT,XRPUSDT",rg_trend_grid_a200_e50_s25_t20_ema25_adx25_block_new,100.0,10,12500.0,4000.0,75.0,30000.0,441,100.0,4272.207457287928,14.240691524293094,65.32467765743567,False,False,15203.02479022052,,,,,data/backtests/runs/20260520T091517770462Z_compare_execution_models_9f644b4cd6.json,logs/compare_execution_2024_10_30_to_2026_02_02_grid50_regime_blocknew_ema25_adx25_mainnet_like.csv,reports/compare_execution_2024_10_30_to_2026_02_02_grid50_regime_blocknew_ema25_adx25_mainnet_like.md
20260520T092239624741Z_compare_execution_models_a4595a6ea3,2026-05-20T09:22:39.624741+00:00,compare_execution_models,grid50_regime_reduce50_ema50_adx35_mainnet_like_2024_10_30_to_2026_02_02,2024-10-30,2026-02-02,"BNBUSDT,BTCUSDT,ETHUSDT,LTCUSDT,SOLUSDT,XRPUSDT",rg_trend_grid_a200_e50_s25_t20_ema50_adx35_reduce0_5,100.0,10,12500.0,4000.0,75.0,30000.0,452,100.0,4256.980002439701,14.189933341465668,14.446041878065637,False,False,8810.828476447956,,,,,data/backtests/runs/20260520T092239624741Z_compare_execution_models_a4595a6ea3.json,logs/compare_execution_2024_10_30_to_2026_02_02_grid50_regime_reduce50_ema50_adx35_mainnet_like.csv,reports/compare_execution_2024_10_30_to_2026_02_02_grid50_regime_reduce50_ema50_adx35_mainnet_like.md
20260520T093639983479Z_compare_execution_models_ff0300830d,2026-05-20T09:36:39.983479+00:00,compare_execution_models,current_regime_reduce50_ema50_adx35_mainnet_like_2024_10_30_to_2026_02_02,2024-10-30,2026-02-02,"BNBUSDT,BTCUSDT,ETHUSDT,LTCUSDT,SOLUSDT,XRPUSDT",rg_trend_grid_a200_e30_s15_t30_ema50_adx35_reduce0_5,66.0,10,50000.0,10000.0,100.0,30000.0,523,100.0,5708.99460992818,19.02998203309393,26.311679424765,False,False,7427.594857330999,,,,,data/backtests/runs/20260520T093639983479Z_compare_execution_models_ff0300830d.json,logs/compare_execution_2024_10_30_to_2026_02_02_current_regime_reduce50_ema50_adx35_mainnet_like.csv,reports/compare_execution_2024_10_30_to_2026_02_02_current_regime_reduce50_ema50_adx35_mainnet_like.md
20260520T094502798561Z_compare_execution_models_62c9c4d8f6,2026-05-20T09:45:02.798561+00:00,compare_execution_models,current_regime_reduce50_ema50_adx35_mainnet_like_2022_05_09_to_2023_10_30,2022-05-09,2023-10-30,"BNBUSDT,BTCUSDT,ETHUSDT,LTCUSDT,SOLUSDT,XRPUSDT",rg_trend_grid_a200_e30_s15_t30_ema50_adx35_reduce0_5,66.0,10,50000.0,10000.0,100.0,30000.0,188,99.46808510638297,1979.9499457392917,6.5998331524643055,17.470162336476207,False,False,7440.375053781685,,,,,data/backtests/runs/20260520T094502798561Z_compare_execution_models_62c9c4d8f6.json,logs/compare_execution_2022_05_09_to_2023_10_30_current_regime_reduce50_ema50_adx35_mainnet_like.csv,reports/compare_execution_2022_05_09_to_2023_10_30_current_regime_reduce50_ema50_adx35_mainnet_like.md
20260520T095211965995Z_compare_execution_models_d69e3ef760,2026-05-20T09:52:11.965995+00:00,compare_execution_models,grid50_regime_reduce50_ema50_adx35_mainnet_like_2022_05_09_to_2023_10_30,2022-05-09,2023-10-30,"BNBUSDT,BTCUSDT,ETHUSDT,LTCUSDT,SOLUSDT,XRPUSDT",rg_trend_grid_a200_e50_s25_t20_ema50_adx35_reduce0_5,100.0,10,12500.0,4000.0,75.0,30000.0,663,100.0,5618.661162776224,18.728870542587416,10.1698863642708,False,False,4583.84864908818,,,,,data/backtests/runs/20260520T095211965995Z_compare_execution_models_d69e3ef760.json,logs/compare_execution_2022_05_09_to_2023_10_30_grid50_regime_reduce50_ema50_adx35_mainnet_like.csv,reports/compare_execution_2022_05_09_to_2023_10_30_grid50_regime_reduce50_ema50_adx35_mainnet_like.md
20260520T101020904341Z_symbol_candidate_screen_073fbe50fc,2026-05-20T10:10:20.904341+00:00,symbol_candidate_screen,2026_ytd_grid50_best_mainnet_like_candidate_symbols,2026-01-01,2026-05-20,"TONUSDT,ONDOUSDT,XMRUSDT,PENGUUSDT,TAOUSDT,DASHUSDT,VIRTUALUSDT,NEARUSDT,SUIUSDT,LINKUSDT,INJUSDT,DOGEUSDT",trend_grid_a200_e50_s25_t20,100.0,10,12500.0,4000.0,75.0,,205,100.0,1990.6258431440806,6.635419477146935,2.792993145843842,False,False,1006.0627693575423,,,,,data/backtests/runs/20260520T101020904341Z_symbol_candidate_screen_073fbe50fc.json,logs/symbol_candidate_backtest_2026_ytd_grid50_best_mainnet_like.csv,
20260520T101243770249Z_compare_execution_models_8122b41875,2026-05-20T10:12:43.770249+00:00,compare_execution_models,grid50_best_plus_virtual_mainnet_like_2026_01_01_to_2026_05_20,2026-01-01,2026-05-20,"BNBUSDT,BTCUSDT,ETHUSDT,LTCUSDT,SOLUSDT,VIRTUALUSDT,XRPUSDT",trend_grid_a200_e50_s25_t20,100.0,10,12500.0,4000.0,75.0,30000.0,287,100.0,2682.82514622809,8.942750487426967,7.216522437582206,False,False,5379.886213026323,,,,,data/backtests/runs/20260520T101243770249Z_compare_execution_models_8122b41875.json,logs/compare_execution_2026_01_01_to_2026_05_20_grid50_best_plus_virtual_mainnet_like.csv,reports/compare_execution_2026_01_01_to_2026_05_20_grid50_best_plus_virtual_mainnet_like.md
20260520T102922176612Z_cli_backtest_d8705b6d6c,2026-05-20T10:29:22.176612+00:00,cli_backtest,,2023-02-17,2023-10-30,"BNBUSDT,BTCUSDT,ETHUSDT,LTCUSDT,SOLUSDT,XRPUSDT",trend_grid_a200_e50_s25_t30,100.0,10,12500.0,4000.0,75.0,10000.0,479,100.0,5953.030749999997,59.53030749999997,14.156230505990006,False,False,8462.553676163941,,,,,data/backtests/runs/20260520T102922176612Z_cli_backtest_d8705b6d6c.json,,
20260520T120148211880Z_cli_backtest_b4851e3518,2026-05-20T12:01:48.211880+00:00,cli_backtest,,2024-05-20,2026-05-20,"BNBUSDT,BTCUSDT,ETHUSDT,LTCUSDT,SOLUSDT,XRPUSDT",rg_trend_grid_a200_e50_s25_t20_ema25_adx25_reduce0_5,100.0,10,12500.0,4000.0,75.0,10000.0,1026,100.0,8890.240625,88.90240625,41.47618305783422,False,False,5725.8737383765065,,,,,data/backtests/runs/20260520T120148211880Z_cli_backtest_b4851e3518.json,,
20260520T124901336103Z_cli_backtest_b38363dfe6,2026-05-20T12:49:01.336103+00:00,cli_backtest,,2026-01-01,2026-05-20,ADAUSDT,trend_grid_a200_e50_s25_t20,100.0,10,12500.0,4000.0,75.0,30000.0,16,100.0,177.19475000000006,0.5906491666666669,1.0388894933556367,False,False,770.164790741632,,,,,data/backtests/runs/20260520T124901336103Z_cli_backtest_b38363dfe6.json,,
20260520T143510789968Z_cli_backtest_21daa0ead3,2026-05-20T14:35:10.789968+00:00,cli_backtest,,2024-11-18,2025-11-18,TONUSDT,trend_grid_a200_e50_s25_t20,100.0,10,12500.0,4000.0,75.0,30000.0,25,100.0,285.00224999999983,0.9500074999999994,3.0267871740196277,False,False,298.5133620299153,,,,,data/backtests/runs/20260520T143510789968Z_cli_backtest_21daa0ead3.json,,
20260520T143648847715Z_cli_backtest_b7448ac85f,2026-05-20T14:36:48.847715+00:00,cli_backtest,,2024-11-18,2025-11-18,ONDOUSDT,trend_grid_a200_e50_s25_t20,100.0,10,12500.0,4000.0,75.0,30000.0,237,100.0,3149.529250000001,10.498430833333336,11.06005206324188,False,False,962.4946303655666,,,,,data/backtests/runs/20260520T143648847715Z_cli_backtest_b7448ac85f.json,,
20260520T143850379903Z_cli_backtest_0cadbd3e6e,2026-05-20T14:38:50.379903+00:00,cli_backtest,,2024-11-18,2025-11-18,XMRUSDT,trend_grid_a200_e50_s25_t20,100.0,10,12500.0,4000.0,75.0,30000.0,22,100.0,246.7015000000003,0.8223383333333343,17.04408526738492,False,False,6928.013283450215,,,,,data/backtests/runs/20260520T143850379903Z_cli_backtest_0cadbd3e6e.json,,
20260520T144152995822Z_cli_backtest_6f5c6a24c4,2026-05-20T14:41:52.995822+00:00,cli_backtest,,2024-11-18,2025-11-18,TAOUSDT,trend_grid_a200_e50_s25_t20,100.0,10,12500.0,4000.0,75.0,30000.0,119,100.0,1601.6849999999974,5.338949999999992,5.076439232270859,False,False,596.1313990328497,,,,,data/backtests/runs/20260520T144152995822Z_cli_backtest_6f5c6a24c4.json,,
20260520T144353891166Z_cli_backtest_98c2420639,2026-05-20T14:43:53.891166+00:00,cli_backtest,,2024-11-18,2025-11-18,DASHUSDT,trend_grid_a200_e50_s25_t20,100.0,10,12500.0,4000.0,75.0,30000.0,188,100.0,2541.322500000001,8.471075000000004,21.399687558011767,False,False,5178.400883405791,,,,,data/backtests/runs/20260520T144353891166Z_cli_backtest_98c2420639.json,,
20260520T144710167328Z_cli_backtest_3dbbf34a2a,2026-05-20T14:47:10.167328+00:00,cli_backtest,,2024-11-18,2025-11-18,SUIUSDT,trend_grid_a200_e50_s25_t20,100.0,10,12500.0,4000.0,75.0,30000.0,237,100.0,3134.1992500000006,10.447330833333336,8.312069725326898,False,False,1224.24580941715,,,,,data/backtests/runs/20260520T144710167328Z_cli_backtest_3dbbf34a2a.json,,
20260520T144853069769Z_cli_backtest_51848a6124,2026-05-20T14:48:53.069769+00:00,cli_backtest,,2024-11-18,2025-11-18,LINKUSDT,trend_grid_a200_e50_s25_t20,100.0,10,12500.0,4000.0,75.0,30000.0,148,100.0,1848.202999999998,6.16067666666666,4.752740899737922,False,False,1418.314125229563,,,,,data/backtests/runs/20260520T144853069769Z_cli_backtest_51848a6124.json,,
20260520T145027122535Z_cli_backtest_876d015422,2026-05-20T14:50:27.122535+00:00,cli_backtest,,2024-11-18,2025-11-18,INJUSDT,trend_grid_a200_e50_s25_t20,100.0,10,12500.0,4000.0,75.0,30000.0,72,100.0,993.5022499999995,3.311674166666665,6.042759308429037,False,False,445.06550595016205,,,,,data/backtests/runs/20260520T145027122535Z_cli_backtest_876d015422.json,,
20260520T145215164276Z_cli_backtest_5c7a38d8bb,2026-05-20T14:52:15.164276+00:00,cli_backtest,,2024-11-18,2025-11-18,1000PEPEUSDT,trend_grid_a200_e50_s25_t20,100.0,10,12500.0,4000.0,75.0,30000.0,89,100.0,1093.4924999999996,3.6449749999999987,2.977317075720566,False,False,172.8906665050674,,,,,data/backtests/runs/20260520T145215164276Z_cli_backtest_5c7a38d8bb.json,,
20260520T145353125898Z_cli_backtest_1fe2e785e1,2026-05-20T14:53:53.125898+00:00,cli_backtest,,2024-11-18,2025-11-18,ALGOUSDT,trend_grid_a200_e50_s25_t20,100.0,10,12500.0,4000.0,75.0,30000.0,115,100.0,1262.8954999999992,4.209651666666664,12.96583571532461,False,False,658.4969234833492,,,,,data/backtests/runs/20260520T145353125898Z_cli_backtest_1fe2e785e1.json,,
20260520T145405966591Z_cli_backtest_39a7b8e3ca,2026-05-20T14:54:05.966591+00:00,cli_backtest,,2024-11-18,2025-11-18,XAUTUSDT,trend_grid_a200_e50_s25_t20,100.0,10,12500.0,4000.0,75.0,30000.0,3,100.0,30.901499999999892,0.10300499999999964,1.4410063339283685,False,False,1305.8877443474323,,,,,data/backtests/runs/20260520T145405966591Z_cli_backtest_39a7b8e3ca.json,,
20260520T145541505930Z_cli_backtest_2989f98776,2026-05-20T14:55:41.505930+00:00,cli_backtest,,2024-11-18,2025-11-18,DOGEUSDT,trend_grid_a200_e50_s25_t20,100.0,10,12500.0,4000.0,75.0,30000.0,78,100.0,1093.4760000000008,3.644920000000003,2.71030805596068,False,False,330.1844118924898,,,,,data/backtests/runs/20260520T145541505930Z_cli_backtest_2989f98776.json,,
20260520T145629916203Z_cli_backtest_100a3c2591,2026-05-20T14:56:29.916203+00:00,cli_backtest,,2024-11-18,2025-11-18,PUMPFUNUSDT,trend_grid_a200_e50_s25_t20,100.0,10,12500.0,4000.0,75.0,30000.0,77,100.0,924.0774999999987,3.080258333333329,4.369646326264362,False,False,503.82645551197567,,,,,data/backtests/runs/20260520T145629916203Z_cli_backtest_100a3c2591.json,,
20260520T145712972244Z_cli_backtest_d79dfc3bc1,2026-05-20T14:57:12.972244+00:00,cli_backtest,,2024-11-18,2025-11-18,ESPORTSUSDT,trend_grid_a200_e50_s25_t20,100.0,10,12500.0,4000.0,75.0,30000.0,87,100.0,1239.9022500000003,4.133007500000001,12.43244741881362,False,False,4952.3281335051,,,,,data/backtests/runs/20260520T145712972244Z_cli_backtest_d79dfc3bc1.json,,
20260520T145906897158Z_cli_backtest_a30901fdd8,2026-05-20T14:59:06.897158+00:00,cli_backtest,,2024-11-18,2025-11-18,ZECUSDT,trend_grid_a200_e50_s25_t20,100.0,10,12500.0,4000.0,75.0,30000.0,118,100.0,1432.3135000000002,4.774378333333334,38.30347977976765,False,False,10310.154149015389,,,,,data/backtests/runs/20260520T145906897158Z_cli_backtest_a30901fdd8.json,,
20260520T150229377282Z_cli_backtest_4faaaba7be,2026-05-20T15:02:29.377282+00:00,cli_backtest,,2024-11-18,2025-11-18,ONTUSDT,trend_grid_a200_e50_s25_t20,100.0,10,12500.0,4000.0,75.0,30000.0,62,100.0,777.7782500000009,2.5925941666666694,4.969316795742974,False,False,308.31285429082806,,,,,data/backtests/runs/20260520T150229377282Z_cli_backtest_4faaaba7be.json,,
20260520T150437726467Z_cli_backtest_94ea32b8f0,2026-05-20T15:04:37.726467+00:00,cli_backtest,,2024-11-18,2025-11-18,HBARUSDT,trend_grid_a200_e50_s25_t20,100.0,10,12500.0,4000.0,75.0,30000.0,33,100.0,469.7932499999992,1.5659774999999974,25.41731561257584,False,False,894.3865872330105,,,,,data/backtests/runs/20260520T150437726467Z_cli_backtest_94ea32b8f0.json,,
20260520T150614730166Z_cli_backtest_93491d3610,2026-05-20T15:06:14.730166+00:00,cli_backtest,,2024-11-18,2025-11-18,AVAXUSDT,trend_grid_a200_e50_s25_t20,100.0,10,12500.0,4000.0,75.0,30000.0,163,100.0,1917.3797499999987,6.391265833333329,2.39283276368454,False,False,489.1611686452309,,,,,data/backtests/runs/20260520T150614730166Z_cli_backtest_93491d3610.json,,
20260520T150733407834Z_cli_backtest_dcd9f5def4,2026-05-20T15:07:33.407834+00:00,cli_backtest,,2024-11-18,2025-11-18,RONINUSDT,trend_grid_a200_e50_s25_t20,100.0,10,12500.0,4000.0,75.0,30000.0,14,100.0,184.90449999999964,0.6163483333333322,2.7003656539943766,False,False,200.18448042586692,,,,,data/backtests/runs/20260520T150733407834Z_cli_backtest_dcd9f5def4.json,,
20260520T150915420723Z_cli_backtest_e1523e34d0,2026-05-20T15:09:15.420723+00:00,cli_backtest,,2024-11-18,2025-11-18,DOTUSDT,trend_grid_a200_e50_s25_t20,100.0,10,12500.0,4000.0,75.0,30000.0,32,100.0,423.59624999999977,1.4119874999999993,6.515059854236727,False,False,459.97450650061785,,,,,data/backtests/runs/20260520T150915420723Z_cli_backtest_e1523e34d0.json,,
20260520T151101996299Z_cli_backtest_a6dae03fe8,2026-05-20T15:11:01.996299+00:00,cli_backtest,,2024-11-18,2025-11-18,AAVEUSDT,trend_grid_a200_e50_s25_t20,100.0,10,12500.0,4000.0,75.0,30000.0,169,100.0,2117.7752499999983,7.059250833333327,15.772584585186669,False,False,2673.2234270857753,,,,,data/backtests/runs/20260520T151101996299Z_cli_backtest_a6dae03fe8.json,,
20260520T151116918916Z_cli_backtest_5519aa00d3,2026-05-20T15:11:16.918916+00:00,cli_backtest,,2024-11-18,2025-11-18,KITEUSDT,trend_grid_a200_e50_s25_t20,100.0,10,12500.0,4000.0,75.0,30000.0,40,100.0,462.0879999999996,1.5402933333333322,6.522351001213998,False,False,592.8535380438931,,,,,data/backtests/runs/20260520T151116918916Z_cli_backtest_5519aa00d3.json,,
20260520T151252379756Z_cli_backtest_6e1f31a88a,2026-05-20T15:12:52.379756+00:00,cli_backtest,,2024-11-18,2025-11-18,ARBUSDT,trend_grid_a200_e50_s25_t20,100.0,10,12500.0,4000.0,75.0,30000.0,89,100.0,1201.4180000000001,4.004726666666667,5.974645138316421,False,False,446.50262257532023,,,,,data/backtests/runs/20260520T151252379756Z_cli_backtest_6e1f31a88a.json,,
20260520T151436382369Z_cli_backtest_c16fd599d9,2026-05-20T15:14:36.382369+00:00,cli_backtest,,2024-11-18,2025-11-18,ENAUSDT,trend_grid_a200_e50_s25_t20,100.0,10,12500.0,4000.0,75.0,30000.0,150,100.0,1955.882,6.519606666666666,7.924877321830803,False,False,358.25833435553153,,,,,data/backtests/runs/20260520T151436382369Z_cli_backtest_c16fd599d9.json,,
20260520T151710186122Z_cli_backtest_6543aec020,2026-05-20T15:17:10.186122+00:00,cli_backtest,,2024-11-18,2025-11-18,FIDAUSDT,trend_grid_a200_e50_s25_t20,100.0,10,12500.0,4000.0,75.0,30000.0,86,100.0,1016.7014999999994,3.3890049999999983,8.7780840667936,False,False,606.1395096701048,,,,,data/backtests/runs/20260520T151710186122Z_cli_backtest_6543aec020.json,,
20260520T151859289781Z_cli_backtest_93761da2b2,2026-05-20T15:18:59.289781+00:00,cli_backtest,,2024-11-18,2025-11-18,BCHUSDT,trend_grid_a200_e50_s25_t20,100.0,10,12500.0,4000.0,75.0,30000.0,170,100.0,2125.3089999999997,7.084363333333332,2.8645311242053264,False,False,940.8233077029502,,,,,data/backtests/runs/20260520T151859289781Z_cli_backtest_93761da2b2.json,,
20260520T152106866326Z_cli_backtest_ec81d273e8,2026-05-20T15:21:06.866326+00:00,cli_backtest,,2024-11-18,2025-11-18,SAHARAUSDT,trend_grid_a200_e50_s25_t20,100.0,10,12500.0,4000.0,75.0,30000.0,71,100.0,800.8999999999999,2.669666666666666,3.6047735500330718,False,False,730.3291966927851,,,,,data/backtests/runs/20260520T152106866326Z_cli_backtest_ec81d273e8.json,,
20260520T152122066885Z_cli_backtest_894aa3dc08,2026-05-20T15:21:22.066885+00:00,cli_backtest,,2024-11-18,2025-11-18,HYPEUSDT,trend_grid_a200_e50_s25_t20,100.0,10,12500.0,4000.0,75.0,30000.0,198,100.0,2271.5857499999993,7.571952499999998,9.597201182041305,False,False,2560.832397625771,,,,,data/backtests/runs/20260520T152122066885Z_cli_backtest_894aa3dc08.json,,
20260520T152313962596Z_cli_backtest_8e2a8cc481,2026-05-20T15:23:13.962596+00:00,cli_backtest,,2024-11-18,2025-11-18,WLDUSDT,trend_grid_a200_e50_s25_t20,100.0,10,12500.0,4000.0,75.0,30000.0,128,100.0,1601.7044999999985,5.3390149999999945,7.148117864346798,False,False,433.67438310584623,,,,,data/backtests/runs/20260520T152313962596Z_cli_backtest_8e2a8cc481.json,,
20260520T152341346580Z_cli_backtest_2f5240fe60,2026-05-20T15:23:41.346580+00:00,cli_backtest,,2024-11-18,2025-11-18,EDENUSDT,trend_grid_a200_e50_s25_t20,100.0,10,12500.0,4000.0,75.0,30000.0,31,100.0,477.5135000000002,1.591711666666667,2.744258301043822,False,False,246.9469392712036,,,,,data/backtests/runs/20260520T152341346580Z_cli_backtest_2f5240fe60.json,,
20260520T152456080538Z_cli_backtest_3d4036c311,2026-05-20T15:24:56.080538+00:00,cli_backtest,,2024-11-18,2025-11-18,PROMPTUSDT,trend_grid_a200_e50_s25_t20,100.0,10,12500.0,4000.0,75.0,30000.0,42,100.0,469.8992499999999,1.566330833333333,6.026856244245962,False,False,312.32015381628486,,,,,data/backtests/runs/20260520T152456080538Z_cli_backtest_3d4036c311.json,,
20260520T152555569771Z_cli_backtest_6bdf91bb30,2026-05-20T15:25:55.569771+00:00,cli_backtest,,2024-11-18,2025-11-18,HOMEUSDT,trend_grid_a200_e50_s25_t20,100.0,10,12500.0,4000.0,75.0,30000.0,138,100.0,1755.5834999999995,5.851944999999999,3.106085774507495,False,False,0,,,,,data/backtests/runs/20260520T152555569771Z_cli_backtest_6bdf91bb30.json,,
20260520T152610410486Z_cli_backtest_53523a6bcc,2026-05-20T15:26:10.410486+00:00,cli_backtest,,2024-11-18,2025-11-18,LABUSDT,trend_grid_a200_e50_s25_t20,100.0,10,12500.0,4000.0,75.0,30000.0,47,100.0,546.8082499999996,1.8226941666666652,3.7276745727409315,False,False,705.2798515719226,,,,,data/backtests/runs/20260520T152610410486Z_cli_backtest_53523a6bcc.json,,
20260520T152808370513Z_cli_backtest_6570d8976d,2026-05-20T15:28:08.370513+00:00,cli_backtest,,2024-11-18,2025-11-18,ENJUSDT,trend_grid_a200_e50_s25_t20,100.0,10,12500.0,4000.0,75.0,30000.0,61,100.0,731.5902500000007,2.438634166666669,6.5768473483956775,False,False,150.17809687703345,,,,,data/backtests/runs/20260520T152808370513Z_cli_backtest_6570d8976d.json,,
20260520T153358582502Z_cli_backtest_87e48d6113,2026-05-20T15:33:58.582502+00:00,cli_backtest,,2024-11-18,2025-11-18,BTCUSDT,trend_grid_a200_e50_s25_t20,100.0,10,12500.0,4000.0,75.0,30000.0,84,100.0,785.6999999999998,2.6189999999999993,2.258733960344216,False,False,2937.524934325626,,,,,data/backtests/runs/20260520T153358582502Z_cli_backtest_87e48d6113.json,,
20260520T153536513916Z_cli_backtest_0748983782,2026-05-20T15:35:36.513916+00:00,cli_backtest,,2024-11-18,2025-11-18,BTCUSDT,trend_grid_a200_e50_s25_t20,100.0,10,12500.0,4000.0,75.0,30000.0,84,100.0,785.6999999999998,2.6189999999999993,2.258733960344216,False,False,2937.524934325626,,,,,data/backtests/runs/20260520T153536513916Z_cli_backtest_0748983782.json,,
20260520T154028668949Z_cli_backtest_b07345fca5,2026-05-20T15:40:28.668949+00:00,cli_backtest,,2024-11-18,2025-11-18,BTCUSDT,trend_grid_a200_e50_s25_t20,100.0,10,12500.0,4000.0,75.0,30000.0,84,100.0,785.6999999999998,2.6189999999999993,2.258733960344216,False,False,2937.524934325626,,,,,data/backtests/runs/20260520T154028668949Z_cli_backtest_b07345fca5.json,,
20260520T165431667155Z_cli_backtest_65156f94e6,2026-05-20T16:54:31.667155+00:00,cli_backtest,,2024-05-20,2026-05-20,"ADAUSDT,BNBUSDT,BTCUSDT,ETHUSDT,LINKUSDT,LTCUSDT,MATICUSDT,SOLUSDT,TRXUSDT,UNIUSDT,XLMUSDT,XRPUSDT",trend_grid_a200_e50_s25_t20,100.0,10,12500.0,4000.0,75.0,30000.0,1741,100.0,13083.173719691607,43.610579065638696,33.30613247741836,False,False,10835.503238739508,,,,,data/backtests/runs/20260520T165431667155Z_cli_backtest_65156f94e6.json,,
20260520T165727464263Z_cli_backtest_6a75ed034b,2026-05-20T16:57:27.464263+00:00,cli_backtest,,2025-11-20,2026-05-20,"ADAUSDT,BNBUSDT,BTCUSDT,ETHUSDT,LINKUSDT,LTCUSDT,SOLUSDT,TRXUSDT,UNIUSDT,XLMUSDT,XRPUSDT",trend_grid_a200_e50_s25_t20,100.0,10,12500.0,4000.0,75.0,30000.0,288,100.0,2136.788828644113,7.12262942881371,16.264432805785304,False,False,7681.563202624564,,,,,data/backtests/runs/20260520T165727464263Z_cli_backtest_6a75ed034b.json,,
20260520T170552830807Z_cli_backtest_c74efa942b,2026-05-20T17:05:52.830807+00:00,cli_backtest,,2022-05-09,2024-11-04,XLMUSDT,trend_grid_a200_e50_s25_t20,100.0,10,12500.0,4000.0,75.0,30000.0,76,100.0,790.5105020958956,2.6350350069863184,1.8935139024852832,False,False,576.8196717739999,,,,,data/backtests/runs/20260520T170552830807Z_cli_backtest_c74efa942b.json,,
20260520T173635757734Z_cli_backtest_83b9238517,2026-05-20T17:36:35.757734+00:00,cli_backtest,,2022-05-09,2024-11-04,"ADAUSDT,BNBUSDT,BTCUSDT,ETHUSDT,LINKUSDT,LTCUSDT,MATICUSDT,SOLUSDT,TRXUSDT,UNIUSDT,XLMUSDT,XMRUSDT,XRPUSDT",trend_grid_a200_e50_s25_t20,100.0,10,12500.0,4000.0,75.0,30000.0,1447,100.0,10359.996146412015,34.53332048804005,14.295214594450275,False,False,16182.228971586219,,,,,data/backtests/runs/20260520T173635757734Z_cli_backtest_83b9238517.json,,
20260521T025354354214Z_cli_backtest_f7063af022,2026-05-21T02:53:54.354214+00:00,cli_backtest,,2022-05-09,2024-11-04,XMRUSDT,trend_grid_a200_e50_s25_t20,100.0,10,12500.0,4000.0,75.0,30000.0,1,100.0,7.699259924007538,0.025664199746691794,1.8404551112765695,False,False,729.8067638470397,,,,,data/backtests/runs/20260521T025354354214Z_cli_backtest_f7063af022.json,,
20260521T025540476876Z_cli_backtest_e4ff830d5c,2026-05-21T02:55:40.476876+00:00,cli_backtest,,2022-05-09,2026-05-21,XMRUSDT,trend_grid_a200_e50_s25_t20,100.0,10,12500.0,4000.0,75.0,30000.0,109,100.0,1124.8849787521517,3.7496165958405054,9.61841450366981,False,False,1972.6555723356348,,,,,data/backtests/runs/20260521T025540476876Z_cli_backtest_e4ff830d5c.json,,
20260521T053444361874Z_cli_backtest_f27354ef17,2026-05-21T05:34:44.361874+00:00,cli_backtest,,2022-05-09,2026-05-21,"BNBUSDT,ETHUSDT,LINKUSDT,LTCUSDT,SOLUSDT,UNIUSDT,XLMUSDT,XRPUSDT",trend_grid_a200_e50_s25_t20,100.0,10,12500.0,4000.0,75.0,30000.0,1901,100.0,17711.342602391403,59.037808674638015,36.24538633978015,False,False,8958.83525024747,,,,,data/backtests/runs/20260521T053444361874Z_cli_backtest_f27354ef17.json,,
20260521T090417119436Z_cli_backtest_e5df11e867,2026-05-21T09:04:17.119436+00:00,cli_backtest,,2026-05-14,2026-05-21,"ETHUSDT,UNIUSDT",trend_grid_a200_e50_s25_t20,25.0,3,600.0,300.0,75.0,1000.0,34,100.0,6.742165847425558,0.6742165847425559,1.5365489147177527,False,False,72.11784338919661,,,,,data/backtests/runs/20260521T090417119436Z_cli_backtest_e5df11e867.json,,
20260524T050151713717Z_cli_backtest_4060bbab8d,2026-05-24T05:01:51.713717+00:00,cli_backtest,,2026-04-01,2026-05-01,UNIUSDT,trend_grid_a200_e50_s25_t20,33.0,10,4167.0,1333.0,75.0,10000.0,5,100.0,12.333461910108353,0.12333461910108354,1.0068311484831793,False,False,25.181007510004214,,,,,data/backtests/runs/20260524T050151713717Z_cli_backtest_4060bbab8d.json,,
20260524T051456093550Z_cli_backtest_56889cc873,2026-05-24T05:14:56.093550+00:00,cli_backtest,,2022-05-09,2026-05-24,"BNBUSDT,ETHUSDT,LINKUSDT,LTCUSDT,SOLUSDT,UNIUSDT,XLMUSDT,XRPUSDT",trend_grid_a200_e50_s25_t20,33.0,10,4167.0,1333.0,75.0,10000.0,1708,100.0,5327.979249298569,53.27979249298569,30.59781534967004,False,False,2163.856257829147,,,,,data/backtests/runs/20260524T051456093550Z_cli_backtest_56889cc873.json,,
20260524T052812261844Z_cli_backtest_4a3744b184,2026-05-24T05:28:12.261844+00:00,cli_backtest,,2022-05-09,2026-05-24,"BNBUSDT,ETHUSDT,LINKUSDT,LTCUSDT,SOLUSDT,UNIUSDT,XLMUSDT,XRPUSDT",trend_grid_a200_e50_s25_t20,50.0,10,6250.0,2000.0,75.0,15000.0,1709,100.0,8046.0969575365825,53.64064638357722,30.906884191585878,False,False,3278.5700876199194,,,,,data/backtests/runs/20260524T052812261844Z_cli_backtest_4a3744b184.json,,
20260524T054052645162Z_cli_backtest_e613524954,2026-05-24T05:40:52.645162+00:00,cli_backtest,,2022-05-09,2026-05-24,"BNBUSDT,ETHUSDT,LINKUSDT,LTCUSDT,SOLUSDT,UNIUSDT,XLMUSDT,XRPUSDT",trend_grid_a200_e50_s25_t20,67.0,10,8333.0,2667.0,75.0,20000.0,1733,100.0,10909.177549072032,54.545887745360154,31.0614186125438,False,False,4993.297566882208,,,,,data/backtests/runs/20260524T054052645162Z_cli_backtest_e613524954.json,,
20260524T055339425907Z_cli_backtest_04fc8468e2,2026-05-24T05:53:39.425907+00:00,cli_backtest,,2025-05-24,2026-05-24,"BNBUSDT,ETHUSDT,LINKUSDT,LTCUSDT,SOLUSDT,UNIUSDT,XLMUSDT,XRPUSDT",trend_grid_a200_e50_s25_t20,100.0,10,12500.0,4000.0,75.0,30000.0,562,100.0,5161.221039049147,17.204070130163824,15.959177318024908,False,False,5749.208971903402,,,,,data/backtests/runs/20260524T055339425907Z_cli_backtest_04fc8468e2.json,,
20260524T055408791947Z_cli_backtest_92e33ec863,2026-05-24T05:54:08.791947+00:00,cli_backtest,,2022-05-09,2026-05-24,"BNBUSDT,ETHUSDT,LINKUSDT,LTCUSDT,SOLUSDT,UNIUSDT,XLMUSDT,XRPUSDT",trend_grid_a200_e50_s25_t20,83.0,10,10417.0,3333.0,75.0,25000.0,1898,100.0,14713.029114858722,58.85211645943489,36.10040479442099,False,False,7430.436006923525,,,,,data/backtests/runs/20260524T055408791947Z_cli_backtest_92e33ec863.json,,
20260524T055822589786Z_cli_backtest_1404898bd7,2026-05-24T05:58:22.589786+00:00,cli_backtest,,2025-05-24,2026-05-24,"BNBUSDT,ETHUSDT,LINKUSDT,LTCUSDT,SOLUSDT,UNIUSDT,XLMUSDT,XRPUSDT",trend_grid_a200_e50_s25_t20,100.0,10,12500.0,4000.0,75.0,30000.0,6383,83.36205545981514,-8391.412629627137,-27.971375432090458,35.1338894657967,False,False,5064.9487365731065,,,,,data/backtests/runs/20260524T055822589786Z_cli_backtest_1404898bd7.json,,
20260524T060249914441Z_cli_backtest_d23cca4951,2026-05-24T06:02:49.914441+00:00,cli_backtest,,2025-05-24,2026-05-24,"BNBUSDT,ETHUSDT,LINKUSDT,LTCUSDT,SOLUSDT,UNIUSDT,XLMUSDT,XRPUSDT",trend_grid_a200_e50_s25_t20,100.0,10,12500.0,4000.0,75.0,30000.0,4304,91.03159851301115,880.1420360276833,2.9338067867589444,22.230248838443003,False,False,6016.821209183387,,,,,data/backtests/runs/20260524T060249914441Z_cli_backtest_d23cca4951.json,,
20260524T060636411194Z_cli_backtest_1b55b568fe,2026-05-24T06:06:36.411194+00:00,cli_backtest,,2025-05-24,2026-05-24,"BNBUSDT,ETHUSDT,LINKUSDT,LTCUSDT,SOLUSDT,UNIUSDT,XLMUSDT,XRPUSDT",trend_grid_a200_e50_s25_t20,100.0,10,12500.0,4000.0,75.0,30000.0,2956,94.07983761840325,-3578.539474896931,-11.928464916323103,33.67703800045682,False,False,5962.15663526159,,,,,data/backtests/runs/20260524T060636411194Z_cli_backtest_1b55b568fe.json,,
20260524T060955633169Z_cli_backtest_24e419214a,2026-05-24T06:09:55.633169+00:00,cli_backtest,,2022-05-09,2026-05-24,"BNBUSDT,ETHUSDT,LINKUSDT,LTCUSDT,SOLUSDT,UNIUSDT,XLMUSDT,XRPUSDT",trend_grid_a200_e50_s25_t20,100.0,10,12500.0,4000.0,75.0,30000.0,1901,100.0,17711.342602391403,59.037808674638015,36.24538633978015,False,False,8952.332538462078,,,,,data/backtests/runs/20260524T060955633169Z_cli_backtest_24e419214a.json,,
20260524T061013604613Z_cli_backtest_47e19deac0,2026-05-24T06:10:13.604613+00:00,cli_backtest,,2025-05-24,2026-05-24,"BNBUSDT,ETHUSDT,LINKUSDT,LTCUSDT,SOLUSDT,UNIUSDT,XLMUSDT,XRPUSDT",trend_grid_a200_e50_s25_t20,100.0,10,12500.0,4000.0,75.0,30000.0,2208,95.92391304347827,-1367.9909869144142,-4.559969956381381,26.982623311727377,False,False,5751.207578618046,,,,,data/backtests/runs/20260524T061013604613Z_cli_backtest_47e19deac0.json,,
20260524T061321054283Z_cli_backtest_325dd4e301,2026-05-24T06:13:21.054283+00:00,cli_backtest,,2025-05-24,2026-05-24,"BNBUSDT,ETHUSDT,LINKUSDT,LTCUSDT,SOLUSDT,UNIUSDT,XLMUSDT,XRPUSDT",trend_grid_a200_e50_s25_t20,100.0,10,12500.0,4000.0,75.0,30000.0,1567,97.1282705807275,-2171.8790835002287,-7.239596945000762,30.187671231082398,False,False,8749.314051364852,,,,,data/backtests/runs/20260524T061321054283Z_cli_backtest_325dd4e301.json,,
20260524T061904872557Z_cli_backtest_b4e92b1e03,2026-05-24T06:19:04.872557+00:00,cli_backtest,,2022-05-09,2026-05-24,"BNBUSDT,ETHUSDT,LINKUSDT,LTCUSDT,SOLUSDT,UNIUSDT,XLMUSDT,XRPUSDT",trend_grid_a200_e50_s25_t20,100.0,10,12500.0,4000.0,75.0,30000.0,29713,85.84121428331034,-9504.798011609728,-31.682660038699094,46.570937663711156,False,False,4068.505570786234,,,,,data/backtests/runs/20260524T061904872557Z_cli_backtest_b4e92b1e03.json,,
20260524T063645716956Z_cli_backtest_eae84f3aae,2026-05-24T06:36:45.716956+00:00,cli_backtest,,2025-05-24,2026-05-24,"BNBUSDT,BTCUSDT,ETHUSDT,LINKUSDT,LTCUSDT,SOLUSDT,UNIUSDT,XLMUSDT,XRPUSDT",trend_grid_a200_e50_s25_t20,100.0,10,12500.0,4000.0,75.0,30000.0,218,96.3302752293578,-2555.3065193037214,-8.517688397679072,10.044891719586909,False,False,0,,,,,data/backtests/runs/20260524T063645716956Z_cli_backtest_eae84f3aae.json,,
20260524T063834888510Z_cli_backtest_b2fba7fd9c,2026-05-24T06:38:34.888510+00:00,cli_backtest,,2025-05-24,2026-05-24,"BNBUSDT,BTCUSDT,ETHUSDT,LINKUSDT,LTCUSDT,SOLUSDT,UNIUSDT,XLMUSDT,XRPUSDT",trend_grid_a200_e50_s25_t20,100.0,10,12500.0,4000.0,75.0,30000.0,681,100.0,5643.26880698821,18.81089602329403,13.643161347409707,False,False,5898.9111886908295,,,,,data/backtests/runs/20260524T063834888510Z_cli_backtest_b2fba7fd9c.json,,
20260524T063855108973Z_cli_backtest_0c512a2c96,2026-05-24T06:38:55.108973+00:00,cli_backtest,,2025-05-24,2026-05-24,"BNBUSDT,BTCUSDT,ETHUSDT,LINKUSDT,LTCUSDT,SOLUSDT,UNIUSDT,XLMUSDT,XRPUSDT",trend_grid_a200_e50_s25_t20,100.0,10,12500.0,4000.0,75.0,30000.0,681,100.0,5643.26880698821,18.81089602329403,13.643161347409707,False,False,5898.9111886908295,,,,,data/backtests/runs/20260524T063855108973Z_cli_backtest_0c512a2c96.json,,
20260524T064119471206Z_cli_backtest_effffae136,2026-05-24T06:41:19.471206+00:00,cli_backtest,,2025-05-24,2026-05-24,"BNBUSDT,BTCUSDT,ETHUSDT,LINKUSDT,LTCUSDT,SOLUSDT,UNIUSDT,XLMUSDT,XRPUSDT",trend_grid_a200_e50_s25_t20,100.0,10,12500.0,4000.0,75.0,30000.0,200,96.0,-1056.5815576191706,-3.521938525397235,5.049141847305073,False,False,0,,,,,data/backtests/runs/20260524T064119471206Z_cli_backtest_effffae136.json,,
20260524T064452384267Z_cli_backtest_f6cf493bec,2026-05-24T06:44:52.384267+00:00,cli_backtest,,2025-05-24,2026-05-24,"BNBUSDT,BTCUSDT,ETHUSDT,LINKUSDT,LTCUSDT,SOLUSDT,UNIUSDT,XLMUSDT,XRPUSDT",trend_grid_a200_e50_s25_t20,100.0,10,12500.0,4000.0,75.0,30000.0,681,100.0,5643.26880698821,18.81089602329403,13.643161347409707,False,False,5898.9111886908295,,,,,data/backtests/runs/20260524T064452384267Z_cli_backtest_f6cf493bec.json,,
20260524T064810853132Z_cli_backtest_f22546594c,2026-05-24T06:48:10.853132+00:00,cli_backtest,,2025-05-24,2026-05-24,"BNBUSDT,BTCUSDT,ETHUSDT,LINKUSDT,LTCUSDT,SOLUSDT,UNIUSDT,XLMUSDT,XRPUSDT",crash_guard_trend_filter_inner_innergrid_inner_inner_anchor_period200_inner_inner_entry_bps50_inner_inner_step_bps25_inner_max_trend_bps20,100.0,10,12500.0,4000.0,75.0,30000.0,696,100.0,5704.038786380506,19.013462621268353,13.643161347409707,False,False,6168.966079432444,,,,,data/backtests/runs/20260524T064810853132Z_cli_backtest_f22546594c.json,,
20260524T064832827510Z_cli_backtest_174c081c1c,2026-05-24T06:48:32.827510+00:00,cli_backtest,,2026-01-01,2026-05-24,"BNBUSDT,BTCUSDT,ETHUSDT,LTCUSDT,SOLUSDT,XRPUSDT",trend_grid_a200_e50_s25_t20,100.0,10,12500.0,4000.0,75.0,30000.0,66,100.0,601.197,2.00399,7.546597645227679,False,False,4350.011232938658,,,,,data/backtests/runs/20260524T064832827510Z_cli_backtest_174c081c1c.json,,
20260524T064931251421Z_cli_backtest_b210158f13,2026-05-24T06:49:31.251421+00:00,cli_backtest,,2026-01-01,2026-05-24,"BNBUSDT,ETHUSDT,LINKUSDT,LTCUSDT,SOLUSDT,UNIUSDT,XLMUSDT,XRPUSDT",trend_grid_a200_e50_s25_t20,100.0,10,12500.0,4000.0,75.0,30000.0,94,100.0,909.4999999999999,3.0316666666666663,11.28970187383356,False,False,6296.177669867657,,,,,data/backtests/runs/20260524T064931251421Z_cli_backtest_b210158f13.json,,
20260524T065547690533Z_cli_backtest_a4d496479a,2026-05-24T06:55:47.690533+00:00,cli_backtest,,2024-01-01,2026-05-24,"BNBUSDT,BTCUSDT,ETHUSDT,LTCUSDT,SOLUSDT,XRPUSDT",trend_grid_a200_e50_s25_t20,100.0,10,12500.0,4000.0,75.0,30000.0,900,100.0,10118.624,33.728746666666666,18.926385113372696,False,False,8285.796358702482,,,,,data/backtests/runs/20260524T065547690533Z_cli_backtest_a4d496479a.json,,
20260524T065816328578Z_cli_backtest_7bb8418770,2026-05-24T06:58:16.328578+00:00,cli_backtest,,2024-01-01,2026-05-24,"BNBUSDT,ETHUSDT,LINKUSDT,LTCUSDT,SOLUSDT,UNIUSDT,XLMUSDT,XRPUSDT",trend_grid_a200_e50_s25_t20,100.0,10,12500.0,4000.0,75.0,30000.0,1384,100.0,14900.685750000013,49.668952500000046,20.7344930293939,False,False,9964.57126759915,,,,,data/backtests/runs/20260524T065816328578Z_cli_backtest_7bb8418770.json,,
20260524T072231518845Z_cli_backtest_f5e573e738,2026-05-24T07:22:31.518845+00:00,cli_backtest,,2024-01-01,2026-05-24,"BNBUSDT,ETHUSDT,LINKUSDT,LTCUSDT,SOLUSDT,UNIUSDT,XLMUSDT,XRPUSDT",trend_grid_a200_e50_s25_t20,33.0,10,4167.0,1333.0,75.0,10000.0,1384,100.0,4924.849544999993,49.24849544999993,20.527148099099975,False,False,3288.3085183077196,,,,,data/backtests/runs/20260524T072231518845Z_cli_backtest_f5e573e738.json,,
20260524T074156575669Z_cli_backtest_c6e04c3d1b,2026-05-24T07:41:56.575669+00:00,cli_backtest,,2024-01-01,2026-05-24,"BNBUSDT,ETHUSDT,LINKUSDT,LTCUSDT,SOLUSDT,UNIUSDT,XLMUSDT,XRPUSDT",trend_grid_a200_e50_s25_t20,33.0,10,4167.0,1333.0,75.0,10000.0,1474,100.0,4614.983425701182,46.14983425701182,20.45050558050505,False,False,3309.0451785691976,,,,,data/backtests/runs/20260524T074156575669Z_cli_backtest_c6e04c3d1b.json,,
20260524T075135332445Z_cli_backtest_cc239fc8e3,2026-05-24T07:51:35.332445+00:00,cli_backtest,,2024-01-01,2026-05-24,"BNBUSDT,ETHUSDT,LINKUSDT,LTCUSDT,SOLUSDT,UNIUSDT,XLMUSDT,XRPUSDT",trend_grid_a200_e50_s25_t20,33.0,10,4167.0,1333.0,75.0,10000.0,1719,100.0,3226.7930225307427,32.26793022530743,30.929924181694325,False,False,2985.9123607019073,,,,,data/backtests/runs/20260524T075135332445Z_cli_backtest_cc239fc8e3.json,,
20260524T085251540457Z_cli_backtest_474b207e57,2026-05-24T08:52:51.540457+00:00,cli_backtest,,2024-01-01,2026-05-24,"BNBUSDT,ETHUSDT,LINKUSDT,LTCUSDT,SOLUSDT,UNIUSDT,XLMUSDT,XRPUSDT",trend_grid_a200_e50_s25_t20,33.0,10,4167.0,1333.0,75.0,10000.0,1474,100.0,4614.983425701182,46.14983425701182,20.45050558050505,False,False,3309.0451785691976,,,,,data/backtests/runs/20260524T085251540457Z_cli_backtest_474b207e57.json,,
20260524T090936646019Z_cli_backtest_538e6a0563,2026-05-24T09:09:36.646019+00:00,cli_backtest,,2024-01-01,2026-05-24,"BNBUSDT,ETHUSDT,LINKUSDT,LTCUSDT,SOLUSDT,UNIUSDT,XLMUSDT,XRPUSDT",trend_grid_a200_e50_s25_t20,33.0,10,4167.0,1333.0,75.0,10000.0,848,100.0,1999.9736889775804,19.999736889775804,28.109072592276263,False,False,2148.433691305982,,,,,data/backtests/runs/20260524T090936646019Z_cli_backtest_538e6a0563.json,,
20260524T090946501325Z_cli_backtest_f180ebd9d7,2026-05-24T09:09:46.501325+00:00,cli_backtest,,2024-01-01,2026-05-24,"BNBUSDT,ETHUSDT,LINKUSDT,LTCUSDT,SOLUSDT,UNIUSDT,XLMUSDT,XRPUSDT",trend_grid_a200_e50_s25_t20,33.0,10,4167.0,1333.0,75.0,10000.0,1213,100.0,1814.5333236272722,18.145333236272723,29.42279424172043,False,False,1761.5838968343016,,,,,data/backtests/runs/20260524T090946501325Z_cli_backtest_f180ebd9d7.json,,
20260524T091006012092Z_cli_backtest_8637efe017,2026-05-24T09:10:06.012092+00:00,cli_backtest,,2024-01-01,2026-05-24,"BNBUSDT,ETHUSDT,LINKUSDT,LTCUSDT,SOLUSDT,UNIUSDT,XLMUSDT,XRPUSDT",trend_grid_a200_e50_s25_t20,33.0,10,4167.0,1333.0,75.0,10000.0,1383,100.0,3764.5840192036544,37.645840192036545,25.463042354011268,False,False,1712.8132421095931,,,,,data/backtests/runs/20260524T091006012092Z_cli_backtest_8637efe017.json,,
